user,reply
"영웅문에서 계속 빨간불만 보이네요.. 오늘도 -3%인데 이거 계속 들고 있어야 하나요?","단기 하락이 고민되시는군요. 먼저 해당 종목의 기본적 분석(재무제표, 산업 전망)을 다시 확인해보세요. 만약 기업 펀더멘털에 문제가 없다면 단기 변동성은 참고 버틸 수 있지만, 손절 기준(-10%, -20% 등)을 미리 정해두고 그 선을 넘으면 과감히 정리하는 것도 중요합니다."
"아 진짜.. 어제 팔았는데 오늘 10% 올랐어요 ㅠㅠ 왜 이렇게 타이밍이 안 맞는 거죠","매도 타이밍 실수는 모든 투자자가 겪는 일입니다. 하지만 과거 거래를 후회하기보다는, 다음 투자에서 '목표가 설정'과 '분할 매도' 전략을 활용해보세요. 예를 들어 수익률 +5%, +10%, +15%에서 1/3씩 나눠 팔면 심리적 부담이 줄어듭니다."
"물타기 3번이나 했는데 계속 떨어지네요. 진짜 열받아서 미치겠어요","물타기는 평단가를 낮추는 전략이지만, 하락 추세가 지속되면 손실만 커질 수 있습니다. 지금 상황에서는 추가 매수를 멈추고, 해당 종목의 하락 원인(실적 악화, 업종 침체 등)을 분석해보세요. 만약 구조적 문제라면 손절 후 우량주로 갈아타는 것도 방법입니다."
"이미 -40%인데 이제 회복될 것 같지도 않아요. 그냥 0원 될 때까지 가지고 갈래요","-40% 손실은 심리적으로 힘든 상황입니다. 하지만 '본전 심리'에 집착하면 기회비용이 더 커질 수 있어요. 지금이라도 손실을 인정하고 남은 자금으로 더 나은 종목에 투자하면, 장기적으로 회복 속도가 빠를 수 있습니다. 세금 혜택(손실 공제)도 고려해보세요."
"내일 실적발표인데 기대되네요! 컨센 상회하면 대박 아닌가요?","실적 발표는 주가에 큰 영향을 주지만, 예상치(컨센서스)를 상회해도 '이미 반영됐다'며 하락하는 경우도 많습니다. 실적 발표 전에는 일부 익절하고, 발표 후 시장 반응을 보고 재진입하는 전략도 고려해보세요. 변동성 관리가 핵심입니다."
"드디어 수익 실현했어요!! 2달 동안 기다린 보람이 있네요 ㅎㅎ","수익 실현 축하드립니다! 이번 성공 경험에서 '어떤 판단이 옳았는지' 기록해두세요. 매수 시점, 보유 기간, 매도 기준 등을 분석하면 다음 투자에 큰 도움이 됩니다. 또한 실현한 수익의 일부는 안전자산에 보관하는 것도 추천드려요."
"미국 증시도 떨어지고 환율도 오르고.. 이럴 땐 어떻게 해야 하나요? 너무 복잡해요","글로벌 변동성이 큰 시기에는 '방어적 투자'가 중요합니다. 환율 상승기에는 수출주가 유리하고, 미국 증시 하락 시에는 안전자산(채권, 금) 비중을 늘릴 수 있어요. 또한 이런 시기에는 현금 비중을 높여두고, 시장이 안정되면 분할 매수하는 전략도 좋습니다."
"계좌 비밀번호 변경은 어디서 하나요?","계좌 비밀번호는 영웅문(HTS) 또는 키움증권 홈페이지에서 변경 가능합니다. [MY메뉴 > 계좌관리 > 비밀번호 변경]으로 이동하시면 됩니다. 본인인증(공인인증서 또는 간편인증) 후 바로 변경하실 수 있어요."
"손절을 해야 할 것 같은데 막상 버튼을 못 누르겠어요. 어떡하죠..","손절은 투자에서 가장 어려운 결정입니다. 하지만 '손실 회피 편향'에 빠지면 더 큰 손실로 이어질 수 있어요. 미리 손절 라인(-10%, -15% 등)을 정하고, 그 기준에 도달하면 자동으로 실행되도록 '손절 예약 주문'을 걸어두는 것도 방법입니다."
"분할 매수 전략 써서 평단 낮췄더니 오늘 드디어 본전이에요!","훌륭한 전략 실행이네요! 분할 매수는 변동성 장세에서 매우 효과적입니다. 앞으로도 한 번에 몰빵하지 않고, 3~4회에 걸쳐 나눠 사는 습관을 유지하세요. 또한 본전 회복 시점에서 일부 익절해두면 심리적 안정감도 생깁니다."

